{"cameraMode":{"drawMode":0,"name":"Shaded","section":"Shading Mode"},"sceneLighting":false,"audioPlay":false,"sceneViewState":{"showFog":true,"showMaterialUpdate":false,"showSkybox":false,"showFlares":true,"showImageEffects":true,"showParticleSystems":true},"in2DMode":false,"pivot":{"x":0.038501352071762088,"y":0.2676093578338623,"z":0.0663905143737793},"rotation":{"x":0.28497421741485598,"y":0.3873966634273529,"z":-0.12726278603076936,"w":0.8674874305725098},"size":2.2068750858306886,"orthographic":false}