{"cameraMode":{"drawMode":0,"name":"Shaded","section":"Shading Mode"},"sceneLighting":false,"audioPlay":false,"sceneViewState":{"showFog":true,"showMaterialUpdate":false,"showSkybox":false,"showFlares":true,"showImageEffects":true,"showParticleSystems":true},"in2DMode":false,"pivot":{"x":0.26999998092651369,"y":0.5199999809265137,"z":-0.009999990463256836},"rotation":{"x":0.20466963946819306,"y":0.04989614337682724,"z":-0.010446826927363873,"w":0.9775041937828064},"size":3.7749171257019045,"orthographic":false}