{"cameraMode":{"drawMode":0,"name":"Shaded","section":"Shading Mode"},"sceneLighting":true,"audioPlay":false,"sceneViewState":{"showFog":true,"showMaterialUpdate":true,"showSkybox":true,"showFlares":true,"showImageEffects":true,"showParticleSystems":true},"in2DMode":false,"pivot":{"x":-2.8178658485412599,"y":-4.893829345703125,"z":-16.840290069580079},"rotation":{"x":-0.4085548520088196,"y":0.015836788341403009,"z":-0.007221411447972059,"w":-0.9126737117767334},"size":31.664430618286134,"orthographic":false}