{"cameraMode":{"drawMode":0,"name":"Shaded","section":"Shading Mode"},"sceneLighting":true,"audioPlay":false,"sceneViewState":{"showFog":true,"showMaterialUpdate":false,"showSkybox":true,"showFlares":true,"showImageEffects":true,"showParticleSystems":true},"in2DMode":false,"pivot":{"x":36.960208892822269,"y":1.080078125,"z":-20.984375},"rotation":{"x":0.1990155279636383,"y":0.02681920677423477,"z":-0.005191956181079149,"w":0.9797413349151611},"size":27.880678176879884,"orthographic":true}