{"cameraMode":{"drawMode":0,"name":"Shaded","section":"Shading Mode"},"sceneLighting":false,"audioPlay":false,"sceneViewState":{"showFog":true,"showMaterialUpdate":false,"showSkybox":false,"showFlares":true,"showImageEffects":true,"showParticleSystems":true},"in2DMode":false,"pivot":{"x":420.66796875,"y":200.1295928955078,"z":0.21863128244876862},"rotation":{"x":-0.004496491514146328,"y":-0.040192585438489917,"z":0.000181111172423698,"w":-0.9991838932037354},"size":214.67335510253907,"orthographic":true}