{"cameraMode":{"drawMode":0,"name":"Shaded","section":"Shading Mode"},"sceneLighting":true,"audioPlay":false,"sceneViewState":{"showFog":true,"showMaterialUpdate":false,"showSkybox":true,"showFlares":true,"showImageEffects":true,"showParticleSystems":true},"in2DMode":false,"pivot":{"x":-28.73063850402832,"y":9.770605087280274,"z":19.071666717529298},"rotation":{"x":0.22361379861831666,"y":0.6408583521842957,"z":-0.20322659611701966,"w":0.7059686183929443},"size":15.29555892944336,"orthographic":false}