{"cameraMode":{"drawMode":0,"name":"Shaded","section":"Shading Mode"},"sceneLighting":true,"audioPlay":false,"sceneViewState":{"showFog":true,"showMaterialUpdate":true,"showSkybox":true,"showFlares":true,"showImageEffects":true,"showParticleSystems":true},"in2DMode":false,"pivot":{"x":0.3516521453857422,"y":0.6234889030456543,"z":-10.200886726379395},"rotation":{"x":0.2588517367839813,"y":0.022040652111172677,"z":-0.005889799911528826,"w":0.9656667709350586},"size":40.655662536621097,"orthographic":false}