{"cameraMode":{"drawMode":0,"name":"Shaded","section":"Shading Mode"},"sceneLighting":false,"audioPlay":false,"sceneViewState":{"showFog":true,"showMaterialUpdate":false,"showSkybox":false,"showFlares":true,"showImageEffects":true,"showParticleSystems":true},"in2DMode":false,"pivot":{"x":3.3433380126953127,"y":-36.09465408325195,"z":-9.794283866882325},"rotation":{"x":-0.5369649529457092,"y":-0.40593379735946658,"z":0.3291488289833069,"w":-0.6622456312179565},"size":51.070316314697269,"orthographic":false}