{"cameraMode":{"drawMode":0,"name":"Shaded","section":"Shading Mode"},"sceneLighting":true,"audioPlay":false,"sceneViewState":{"showFog":true,"showMaterialUpdate":false,"showSkybox":true,"showFlares":true,"showImageEffects":true,"showParticleSystems":true},"in2DMode":false,"pivot":{"x":15.460265159606934,"y":0.10818444192409516,"z":17.732765197753908},"rotation":{"x":0.2508086562156677,"y":-0.2478097528219223,"z":0.06658677756786347,"w":0.9334139823913574},"size":16.45262336730957,"orthographic":false}