{"cameraMode":{"drawMode":0,"name":"Shaded","section":"Shading Mode"},"sceneLighting":true,"audioPlay":false,"sceneViewState":{"showFog":true,"showMaterialUpdate":true,"showSkybox":true,"showFlares":true,"showImageEffects":true,"showParticleSystems":true},"in2DMode":false,"pivot":{"x":62.611793518066409,"y":-87.62570190429688,"z":187.78042602539063},"rotation":{"x":-0.2723771631717682,"y":-0.1285807192325592,"z":0.036661747843027118,"w":-0.9529252648353577},"size":262.25738525390627,"orthographic":false}