{"cameraMode":{"drawMode":0,"name":"Shaded","section":"Shading Mode"},"sceneLighting":false,"audioPlay":false,"sceneViewState":{"showFog":true,"showMaterialUpdate":false,"showSkybox":false,"showFlares":true,"showImageEffects":true,"showParticleSystems":true},"in2DMode":false,"pivot":{"x":11.418943405151368,"y":0.07800006866455078,"z":-2.007572650909424},"rotation":{"x":0.0449477955698967,"y":0.93332839012146,"z":-0.12562040984630586,"w":0.333476722240448},"size":7.93126916885376,"orthographic":false}