{"cameraMode":{"drawMode":0,"name":"Shaded","section":"Shading Mode"},"sceneLighting":true,"audioPlay":false,"sceneViewState":{"showFog":true,"showMaterialUpdate":false,"showSkybox":true,"showFlares":true,"showImageEffects":true,"showParticleSystems":true},"in2DMode":false,"pivot":{"x":-25.15656089782715,"y":-4.826797008514404,"z":17.042285919189454},"rotation":{"x":-0.05250339210033417,"y":0.9367130398750305,"z":-0.16031119227409364,"w":-0.3067827522754669},"size":1.8002171516418458,"orthographic":true}