{"cameraMode":{"drawMode":0,"name":"Shaded","section":"Shading Mode"},"sceneLighting":true,"audioPlay":false,"sceneViewState":{"showFog":true,"showMaterialUpdate":false,"showSkybox":true,"showFlares":true,"showImageEffects":true,"showParticleSystems":true},"in2DMode":false,"pivot":{"x":-42.565330505371097,"y":1.6184120178222657,"z":21.164806365966798},"rotation":{"x":0.2036355584859848,"y":0.62340247631073,"z":-0.1727377325296402,"w":0.7348995208740234},"size":8.566397666931153,"orthographic":false}