{"cameraMode":{"drawMode":0,"name":"Shaded","section":"Shading Mode"},"sceneLighting":true,"audioPlay":false,"sceneViewState":{"showFog":true,"showMaterialUpdate":false,"showSkybox":true,"showFlares":true,"showImageEffects":true,"showParticleSystems":true},"in2DMode":false,"pivot":{"x":-45.56595230102539,"y":1.3736848831176758,"z":-5.378410339355469},"rotation":{"x":0.3527875244617462,"y":0.6249964833259583,"z":-0.37614959478378298,"w":0.586073100566864},"size":6.32700777053833,"orthographic":false}