{"cameraMode":{"drawMode":0,"name":"Shaded","section":"Shading Mode"},"sceneLighting":true,"audioPlay":false,"sceneViewState":{"showFog":true,"showMaterialUpdate":true,"showSkybox":true,"showFlares":true,"showImageEffects":true,"showParticleSystems":true},"in2DMode":false,"pivot":{"x":3.9871292114257814,"y":-12.673652648925782,"z":-4.452727794647217},"rotation":{"x":-0.25141456723213198,"y":-0.6684308648109436,"z":0.25788435339927676,"w":-0.6509190797805786},"size":38.178855895996097,"orthographic":false}