{"cameraMode":{"drawMode":0,"name":"Shaded","section":"Shading Mode"},"sceneLighting":true,"audioPlay":false,"sceneViewState":{"showFog":true,"showMaterialUpdate":false,"showSkybox":true,"showFlares":true,"showImageEffects":true,"showParticleSystems":true},"in2DMode":false,"pivot":{"x":-42.099998474121097,"y":0.30000001192092898,"z":-43.0},"rotation":{"x":-0.3318052589893341,"y":0.6053297519683838,"z":-0.30692192912101748,"w":-0.655495285987854},"size":1.0443028211593629,"orthographic":true}