{"cameraMode":{"drawMode":0,"name":"Shaded","section":"Shading Mode"},"sceneLighting":true,"audioPlay":false,"sceneViewState":{"showFog":true,"showMaterialUpdate":true,"showSkybox":true,"showFlares":true,"showImageEffects":true,"showParticleSystems":true},"in2DMode":false,"pivot":{"x":-41.817134857177737,"y":-4.712194442749023,"z":42.01802444458008},"rotation":{"x":0.36566200852394106,"y":0.3242745101451874,"z":-0.13763776421546937,"w":0.8615125417709351},"size":12.655105590820313,"orthographic":false}