{"cameraMode":{"drawMode":0,"name":"Shaded","section":"Shading Mode"},"sceneLighting":true,"audioPlay":false,"sceneViewState":{"showFog":true,"showMaterialUpdate":true,"showSkybox":true,"showFlares":true,"showImageEffects":true,"showParticleSystems":true},"in2DMode":false,"pivot":{"x":8.716167449951172,"y":7.51276969909668,"z":9.698053359985352},"rotation":{"x":0.17056794464588166,"y":0.7525424957275391,"z":-0.21368491649627686,"w":0.5993427634239197},"size":18.237136840820314,"orthographic":false}