{"cameraMode":{"drawMode":0,"name":"Shaded","section":"Shading Mode"},"sceneLighting":true,"audioPlay":false,"sceneViewState":{"showFog":true,"showMaterialUpdate":true,"showSkybox":true,"showFlares":true,"showImageEffects":true,"showParticleSystems":true},"in2DMode":false,"pivot":{"x":-33.16041946411133,"y":-92.96217346191406,"z":-48.24809265136719},"rotation":{"x":0.41929808259010317,"y":-0.02858816646039486,"z":0.013216260820627213,"w":0.9073092937469482},"size":180.82537841796876,"orthographic":false}