{"cameraMode":{"drawMode":0,"name":"Shaded","section":"Shading Mode"},"sceneLighting":true,"audioPlay":false,"sceneViewState":{"showFog":true,"showMaterialUpdate":true,"showSkybox":true,"showFlares":true,"showImageEffects":true,"showParticleSystems":true},"in2DMode":false,"pivot":{"x":-230.66107177734376,"y":7.0537872314453129,"z":265.4819030761719},"rotation":{"x":-0.09613272547721863,"y":0.34850698709487917,"z":-0.03622262552380562,"w":-0.9318026900291443},"size":427.3418884277344,"orthographic":false}