{"cameraMode":{"drawMode":0,"name":"Shaded","section":"Shading Mode"},"sceneLighting":true,"audioPlay":false,"sceneViewState":{"showFog":true,"showMaterialUpdate":true,"showSkybox":true,"showFlares":true,"showImageEffects":true,"showParticleSystems":true},"in2DMode":false,"pivot":{"x":0.5834193229675293,"y":0.30673980712890627,"z":0.7472288608551025},"rotation":{"x":0.11728041619062424,"y":0.8569740056991577,"z":-0.22270670533180238,"w":0.450038880109787},"size":10.23404312133789,"orthographic":false}