{"cameraMode":{"drawMode":0,"name":"Shaded","section":"Shading Mode"},"sceneLighting":true,"audioPlay":false,"sceneViewState":{"showFog":true,"showMaterialUpdate":true,"showSkybox":true,"showFlares":true,"showImageEffects":true,"showParticleSystems":true},"in2DMode":false,"pivot":{"x":10.836819648742676,"y":-2.276958465576172,"z":1.2817230224609376},"rotation":{"x":0.4166296124458313,"y":0.0245414599776268,"z":-0.011249631643295288,"w":0.9086837768554688},"size":47.88859558105469,"orthographic":false}