{"cameraMode":{"drawMode":0,"name":"Shaded","section":"Shading Mode"},"sceneLighting":true,"audioPlay":false,"sceneViewState":{"showFog":true,"showMaterialUpdate":false,"showSkybox":true,"showFlares":true,"showImageEffects":true,"showParticleSystems":true},"in2DMode":false,"pivot":{"x":-28.939998626708986,"y":0.5,"z":4.880000114440918},"rotation":{"x":0.2949824333190918,"y":0.0060915048234164719,"z":-0.0016865575453266502,"w":0.9556342363357544},"size":10.130354881286621,"orthographic":true}