{"cameraMode":{"drawMode":0,"name":"Shaded","section":"Shading Mode"},"sceneLighting":true,"audioPlay":false,"sceneViewState":{"showFog":true,"showMaterialUpdate":true,"showSkybox":true,"showFlares":true,"showImageEffects":true,"showParticleSystems":true},"in2DMode":false,"pivot":{"x":-42.18931198120117,"y":0.44833099842071535,"z":33.3344841003418},"rotation":{"x":-0.11191190034151077,"y":-0.14760126173496247,"z":0.016766078770160676,"w":-0.9826000332832336},"size":3.7817413806915285,"orthographic":false}