{"cameraMode":{"drawMode":0,"name":"Shaded","section":"Shading Mode"},"sceneLighting":false,"audioPlay":false,"sceneViewState":{"showFog":true,"showMaterialUpdate":false,"showSkybox":false,"showFlares":true,"showImageEffects":true,"showParticleSystems":true},"in2DMode":false,"pivot":{"x":-39.631954193115237,"y":1.094496726989746,"z":37.1431884765625},"rotation":{"x":0.24667443335056306,"y":0.17473623156547547,"z":-0.04526945576071739,"w":0.9521399140357971},"size":1.1919710636138917,"orthographic":false}