{"cameraMode":{"drawMode":0,"name":"Shaded","section":"Shading Mode"},"sceneLighting":true,"audioPlay":false,"sceneViewState":{"showFog":true,"showMaterialUpdate":true,"showSkybox":true,"showFlares":true,"showImageEffects":true,"showParticleSystems":true},"in2DMode":false,"pivot":{"x":337.49884033203127,"y":40.27813720703125,"z":-19.584186553955079},"rotation":{"x":0.081694595515728,"y":0.0526164211332798,"z":-0.004294887650758028,"w":0.9952743053436279},"size":286.85101318359377,"orthographic":false}