{"cameraMode":{"drawMode":0,"name":"Shaded","section":"Shading Mode"},"sceneLighting":false,"audioPlay":false,"sceneViewState":{"showFog":true,"showMaterialUpdate":true,"showSkybox":false,"showFlares":true,"showImageEffects":true,"showParticleSystems":true},"in2DMode":false,"pivot":{"x":-41.599998474121097,"y":14.630000114440918,"z":34.20000076293945},"rotation":{"x":0.21386484801769257,"y":0.40822216868400576,"z":-0.09898821264505387,"w":0.8819469213485718},"size":10.0,"orthographic":false}