{"cameraMode":{"drawMode":0,"name":"Shaded","section":"Shading Mode"},"sceneLighting":true,"audioPlay":false,"sceneViewState":{"showFog":true,"showMaterialUpdate":true,"showSkybox":true,"showFlares":true,"showImageEffects":true,"showParticleSystems":true},"in2DMode":false,"pivot":{"x":-3.344391345977783,"y":0.801030158996582,"z":-0.4102625846862793},"rotation":{"x":-0.22880689799785615,"y":-0.23300357162952424,"z":0.05646461248397827,"w":-0.9435341954231262},"size":11.793638229370118,"orthographic":false}