{"cameraMode":{"drawMode":0,"name":"Shaded","section":"Shading Mode"},"sceneLighting":true,"audioPlay":false,"sceneViewState":{"showFog":true,"showMaterialUpdate":false,"showSkybox":true,"showFlares":true,"showImageEffects":true,"showParticleSystems":true},"in2DMode":false,"pivot":{"x":-33.06999969482422,"y":0.5,"z":-11.510002136230469},"rotation":{"x":0.006879136897623539,"y":0.9811727404594421,"z":-0.1901196390390396,"w":0.03530637174844742},"size":24.82940673828125,"orthographic":true}