{"cameraMode":{"drawMode":0,"name":"Shaded","section":"Shading Mode"},"sceneLighting":false,"audioPlay":false,"sceneViewState":{"showFog":true,"showMaterialUpdate":false,"showSkybox":false,"showFlares":true,"showImageEffects":true,"showParticleSystems":true},"in2DMode":false,"pivot":{"x":-6.6508073806762699,"y":0.09000003337860108,"z":-15.92733383178711},"rotation":{"x":0.0449477955698967,"y":0.93332839012146,"z":-0.12562040984630586,"w":0.333476722240448},"size":3.789961814880371,"orthographic":false}