{"cameraMode":{"drawMode":0,"name":"Shaded","section":"Shading Mode"},"sceneLighting":false,"audioPlay":false,"sceneViewState":{"showFog":true,"showMaterialUpdate":false,"showSkybox":false,"showFlares":true,"showImageEffects":true,"showParticleSystems":true},"in2DMode":false,"pivot":{"x":-6.714845657348633,"y":-0.039999961853027347,"z":-21.720836639404298},"rotation":{"x":0.0449477955698967,"y":0.93332839012146,"z":-0.12562040984630586,"w":0.333476722240448},"size":5.918424129486084,"orthographic":false}