{"cameraMode":{"drawMode":0,"name":"Shaded","section":"Shading Mode"},"sceneLighting":true,"audioPlay":false,"sceneViewState":{"showFog":true,"showMaterialUpdate":true,"showSkybox":true,"showFlares":true,"showImageEffects":true,"showParticleSystems":true},"in2DMode":false,"pivot":{"x":-37.70185470581055,"y":1.8590941429138184,"z":42.78647994995117},"rotation":{"x":-0.2553786039352417,"y":0.18792247772216798,"z":-0.050790935754776,"w":-0.9471138119697571},"size":0.735904335975647,"orthographic":false}