{"cameraMode":{"drawMode":0,"name":"Shaded","section":"Shading Mode"},"sceneLighting":true,"audioPlay":false,"sceneViewState":{"showFog":true,"showMaterialUpdate":true,"showSkybox":true,"showFlares":true,"showImageEffects":true,"showParticleSystems":true},"in2DMode":false,"pivot":{"x":521.9035034179688,"y":263.25,"z":22.670000076293947},"rotation":{"x":-0.13051342964172364,"y":0.6031298041343689,"z":-0.1012137234210968,"w":-0.7805289626121521},"size":625.85888671875,"orthographic":false}