{"cameraMode":{"drawMode":0,"name":"Shaded","section":"Shading Mode"},"sceneLighting":true,"audioPlay":false,"sceneViewState":{"showFog":true,"showMaterialUpdate":false,"showSkybox":true,"showFlares":true,"showImageEffects":true,"showParticleSystems":true},"in2DMode":false,"pivot":{"x":-0.030000686645507814,"y":0.8970992565155029,"z":0.10000038146972656},"rotation":{"x":0.4507591426372528,"y":0.5492992997169495,"z":-0.49682870507240298,"w":0.4983028769493103},"size":70.81131744384766,"orthographic":false}