{"cameraMode":{"drawMode":0,"name":"Shaded","section":"Shading Mode"},"sceneLighting":false,"audioPlay":false,"sceneViewState":{"showFog":true,"showMaterialUpdate":false,"showSkybox":false,"showFlares":true,"showImageEffects":true,"showParticleSystems":true},"in2DMode":false,"pivot":{"x":490.33892822265627,"y":178.20010375976563,"z":31.603513717651368},"rotation":{"x":-0.004496491514146328,"y":-0.040192585438489917,"z":0.000181111172423698,"w":-0.9991838932037354},"size":148.01535034179688,"orthographic":true}