{"cameraMode":{"drawMode":0,"name":"Shaded","section":"Shading Mode"},"sceneLighting":false,"audioPlay":false,"sceneViewState":{"showFog":true,"showMaterialUpdate":false,"showSkybox":false,"showFlares":true,"showImageEffects":true,"showParticleSystems":true},"in2DMode":false,"pivot":{"x":-42.71638488769531,"y":0.24218368530273438,"z":27.87881088256836},"rotation":{"x":0.17390838265419007,"y":0.8122888803482056,"z":-0.3018501102924347,"w":0.46787402033805849},"size":9.23473834991455,"orthographic":false}