{"cameraMode":{"drawMode":0,"name":"Shaded","section":"Shading Mode"},"sceneLighting":true,"audioPlay":false,"sceneViewState":{"showFog":true,"showMaterialUpdate":true,"showSkybox":true,"showFlares":true,"showImageEffects":true,"showParticleSystems":true},"in2DMode":false,"pivot":{"x":5.0313720703125,"y":21.29076385498047,"z":18.730457305908204},"rotation":{"x":0.26004502177238467,"y":0.48520055413246157,"z":-0.15376633405685426,"w":0.8205634355545044},"size":90.71150207519531,"orthographic":false}