{"cameraMode":{"drawMode":0,"name":"Shaded","section":"Shading Mode"},"sceneLighting":true,"audioPlay":false,"sceneViewState":{"showFog":true,"showMaterialUpdate":false,"showSkybox":true,"showFlares":true,"showImageEffects":true,"showParticleSystems":true},"in2DMode":false,"pivot":{"x":0.0255126953125,"y":-17.85413360595703,"z":2.399803638458252},"rotation":{"x":0.34191733598709109,"y":0.6199032664299011,"z":-0.3433119058609009,"w":0.617258608341217},"size":49.06110382080078,"orthographic":false}