{"cameraMode":{"drawMode":0,"name":"Shaded","section":"Shading Mode"},"sceneLighting":true,"audioPlay":false,"sceneViewState":{"showFog":true,"showMaterialUpdate":true,"showSkybox":true,"showFlares":true,"showImageEffects":true,"showParticleSystems":true},"in2DMode":false,"pivot":{"x":-41.97493362426758,"y":0.3874102830886841,"z":46.453731536865237},"rotation":{"x":0.2844362258911133,"y":-0.054609593003988269,"z":0.016229670494794847,"w":0.9570102691650391},"size":1.0589957237243653,"orthographic":false}