{"cameraMode":{"drawMode":0,"name":"Shaded","section":"Shading Mode"},"sceneLighting":true,"audioPlay":false,"sceneViewState":{"showFog":true,"showMaterialUpdate":false,"showSkybox":true,"showFlares":true,"showImageEffects":true,"showParticleSystems":true},"in2DMode":false,"pivot":{"x":5.063416957855225,"y":2.544712543487549,"z":38.29826736450195},"rotation":{"x":0.2949824333190918,"y":0.0060915048234164719,"z":-0.0016865575453266502,"w":0.9556342363357544},"size":44.08698272705078,"orthographic":true}