{"cameraMode":{"drawMode":0,"name":"Shaded","section":"Shading Mode"},"sceneLighting":true,"audioPlay":false,"sceneViewState":{"showFog":true,"showMaterialUpdate":false,"showSkybox":true,"showFlares":true,"showImageEffects":true,"showParticleSystems":true},"in2DMode":false,"pivot":{"x":371.9503479003906,"y":186.61325073242188,"z":35.29426956176758},"rotation":{"x":0.02819092385470867,"y":0.019487209618091584,"z":0.0005496939993463457,"w":-0.9994128346443176},"size":220.3993377685547,"orthographic":true}