{"cameraMode":{"drawMode":0,"name":"Shaded","section":"Shading Mode"},"sceneLighting":true,"audioPlay":false,"sceneViewState":{"showFog":true,"showMaterialUpdate":false,"showSkybox":true,"showFlares":true,"showImageEffects":true,"showParticleSystems":true},"in2DMode":false,"pivot":{"x":-14.500335693359375,"y":10.46484375,"z":-30.70703125},"rotation":{"x":0.3178073465824127,"y":-0.010999534279108048,"z":0.003954505547881126,"w":0.9482247829437256},"size":20.75478172302246,"orthographic":true}