{"cameraMode":{"drawMode":0,"name":"Shaded","section":"Shading Mode"},"sceneLighting":true,"audioPlay":false,"sceneViewState":{"showFog":true,"showMaterialUpdate":true,"showSkybox":true,"showFlares":true,"showImageEffects":true,"showParticleSystems":true},"in2DMode":false,"pivot":{"x":-2.5364456176757814,"y":1.198362112045288,"z":10.031956672668457},"rotation":{"x":0.2797119617462158,"y":0.568922221660614,"z":-0.214142844080925,"w":0.7431227564811707},"size":12.3555269241333,"orthographic":false}