{"cameraMode":{"drawMode":0,"name":"Shaded","section":"Shading Mode"},"sceneLighting":true,"audioPlay":false,"sceneViewState":{"showFog":true,"showMaterialUpdate":true,"showSkybox":true,"showFlares":true,"showImageEffects":true,"showParticleSystems":true},"in2DMode":false,"pivot":{"x":442.5751953125,"y":126.29637908935547,"z":210.41122436523438},"rotation":{"x":-0.13463400304317475,"y":0.4202570915222168,"z":-0.06351293623447418,"w":-0.8952613472938538},"size":143.14224243164063,"orthographic":false}