{"cameraMode":{"drawMode":0,"name":"Shaded","section":"Shading Mode"},"sceneLighting":true,"audioPlay":false,"sceneViewState":{"showFog":true,"showMaterialUpdate":false,"showSkybox":true,"showFlares":true,"showImageEffects":true,"showParticleSystems":true},"in2DMode":false,"pivot":{"x":34.77561950683594,"y":-3.0796256065368654,"z":-36.61503601074219},"rotation":{"x":0.0018760011298581958,"y":0.9498462677001953,"z":-0.31266218423843386,"w":0.0056991418823599819},"size":13.72661304473877,"orthographic":false}