{"cameraMode":{"drawMode":0,"name":"Shaded","section":"Shading Mode"},"sceneLighting":true,"audioPlay":false,"sceneViewState":{"showFog":true,"showMaterialUpdate":true,"showSkybox":true,"showFlares":true,"showImageEffects":true,"showParticleSystems":true},"in2DMode":false,"pivot":{"x":-1.3822929859161378,"y":0.5398249626159668,"z":-1.6720590591430665},"rotation":{"x":-0.18147899210453034,"y":-0.3365483582019806,"z":0.06622496992349625,"w":-0.9216848015785217},"size":3.282921075820923,"orthographic":false}