{"cameraMode":{"drawMode":0,"name":"Shaded","section":"Shading Mode"},"sceneLighting":true,"audioPlay":false,"sceneViewState":{"showFog":true,"showMaterialUpdate":true,"showSkybox":true,"showFlares":true,"showImageEffects":true,"showParticleSystems":true},"in2DMode":false,"pivot":{"x":-28.975542068481447,"y":-24.49863052368164,"z":9.651931762695313},"rotation":{"x":0.14386875927448274,"y":-0.08418873697519303,"z":0.012303286232054234,"w":0.9859510064125061},"size":93.9586181640625,"orthographic":false}