{"cameraMode":{"drawMode":0,"name":"Shaded","section":"Shading Mode"},"sceneLighting":false,"audioPlay":false,"sceneViewState":{"showFog":true,"showMaterialUpdate":false,"showSkybox":false,"showFlares":true,"showImageEffects":true,"showParticleSystems":true},"in2DMode":false,"pivot":{"x":-43.30674743652344,"y":3.554171562194824,"z":28.845237731933595},"rotation":{"x":0.14818726480007173,"y":0.8238703012466431,"z":-0.25105535984039309,"w":0.48613622784614565},"size":8.164667129516602,"orthographic":false}