{"cameraMode":{"drawMode":0,"name":"Shaded","section":"Shading Mode"},"sceneLighting":true,"audioPlay":false,"sceneViewState":{"showFog":true,"showMaterialUpdate":true,"showSkybox":true,"showFlares":true,"showImageEffects":true,"showParticleSystems":true},"in2DMode":false,"pivot":{"x":23.19504165649414,"y":0.44896048307418826,"z":1.5531749725341797},"rotation":{"x":0.036857668310403827,"y":0.042275503277778628,"z":-0.0015418004477396608,"w":0.998441755771637},"size":0.6908273696899414,"orthographic":false}