{"cameraMode":{"drawMode":0,"name":"Shaded","section":"Shading Mode"},"sceneLighting":false,"audioPlay":false,"sceneViewState":{"showFog":true,"showMaterialUpdate":false,"showSkybox":false,"showFlares":true,"showImageEffects":true,"showParticleSystems":true},"in2DMode":false,"pivot":{"x":5.00407600402832,"y":10.331130027770996,"z":-14.68765640258789},"rotation":{"x":-0.14250783622264863,"y":-0.8571176528930664,"z":0.36238670349121096,"w":-0.3377676010131836},"size":10.196690559387207,"orthographic":false}