{"cameraMode":{"drawMode":0,"name":"Shaded","section":"Shading Mode"},"sceneLighting":true,"audioPlay":false,"sceneViewState":{"showFog":true,"showMaterialUpdate":false,"showSkybox":true,"showFlares":true,"showImageEffects":true,"showParticleSystems":true},"in2DMode":false,"pivot":{"x":219.6147003173828,"y":67.4312515258789,"z":81.265380859375},"rotation":{"x":0.2949824333190918,"y":0.0060915048234164719,"z":-0.0016865575453266502,"w":0.9556342363357544},"size":157.13198852539063,"orthographic":true}