{"cameraMode":{"drawMode":0,"name":"Shaded","section":"Shading Mode"},"sceneLighting":true,"audioPlay":false,"sceneViewState":{"showFog":true,"showMaterialUpdate":false,"showSkybox":true,"showFlares":true,"showImageEffects":true,"showParticleSystems":true},"in2DMode":false,"pivot":{"x":-6.6009521484375,"y":-19.859375,"z":22.41015625},"rotation":{"x":0.2949824333190918,"y":0.0060915048234164719,"z":-0.0016865575453266502,"w":0.9556342363357544},"size":36.14909362792969,"orthographic":true}