{"cameraMode":{"drawMode":0,"name":"Shaded","section":"Shading Mode"},"sceneLighting":false,"audioPlay":false,"sceneViewState":{"showFog":true,"showMaterialUpdate":false,"showSkybox":false,"showFlares":true,"showImageEffects":true,"showParticleSystems":true},"in2DMode":false,"pivot":{"x":-43.34361267089844,"y":0.27933311462402346,"z":43.58070373535156},"rotation":{"x":0.4844919443130493,"y":0.5090916752815247,"z":-0.44327276945114138,"w":0.5564291477203369},"size":2.749192476272583,"orthographic":false}