{"cameraMode":{"drawMode":0,"name":"Shaded","section":"Shading Mode"},"sceneLighting":false,"audioPlay":false,"sceneViewState":{"showFog":true,"showMaterialUpdate":true,"showSkybox":false,"showFlares":true,"showImageEffects":true,"showParticleSystems":true},"in2DMode":false,"pivot":{"x":37.932769775390628,"y":-23.7574462890625,"z":609.4610595703125},"rotation":{"x":-0.33308884501457217,"y":0.384085088968277,"z":-0.1510583907365799,"w":-0.8478650450706482},"size":364.89666748046877,"orthographic":false}