{"cameraMode":{"drawMode":0,"name":"Shaded","section":"Shading Mode"},"sceneLighting":true,"audioPlay":false,"sceneViewState":{"showFog":true,"showMaterialUpdate":true,"showSkybox":true,"showFlares":true,"showImageEffects":true,"showParticleSystems":true},"in2DMode":false,"pivot":{"x":606.3492431640625,"y":35.06553649902344,"z":60.91546630859375},"rotation":{"x":-0.2020021229982376,"y":0.011147603392601014,"z":-0.0024127981159836056,"w":-0.9794159531593323},"size":287.1500244140625,"orthographic":false}