{"cameraMode":{"drawMode":0,"name":"Shaded","section":"Shading Mode"},"sceneLighting":false,"audioPlay":false,"sceneViewState":{"showFog":true,"showMaterialUpdate":false,"showSkybox":false,"showFlares":true,"showImageEffects":true,"showParticleSystems":true},"in2DMode":false,"pivot":{"x":424.03570556640627,"y":199.0462646484375,"z":33.199981689453128},"rotation":{"x":-0.004496491514146328,"y":-0.040192585438489917,"z":0.000181111172423698,"w":-0.9991838932037354},"size":237.02024841308595,"orthographic":true}