{"cameraMode":{"drawMode":0,"name":"Shaded","section":"Shading Mode"},"sceneLighting":true,"audioPlay":false,"sceneViewState":{"showFog":true,"showMaterialUpdate":true,"showSkybox":true,"showFlares":true,"showImageEffects":true,"showParticleSystems":true},"in2DMode":false,"pivot":{"x":-82.94619750976563,"y":-4.348518371582031,"z":160.2913055419922},"rotation":{"x":-0.11866839975118637,"y":0.08567321300506592,"z":-0.010386772453784943,"w":-0.9892451167106628},"size":207.68807983398438,"orthographic":false}