{"cameraMode":{"drawMode":0,"name":"Shaded","section":"Shading Mode"},"sceneLighting":true,"audioPlay":false,"sceneViewState":{"showFog":true,"showMaterialUpdate":false,"showSkybox":true,"showFlares":true,"showImageEffects":true,"showParticleSystems":true},"in2DMode":false,"pivot":{"x":11.154788970947266,"y":6.385166168212891,"z":-5.8912577629089359},"rotation":{"x":0.32455456256866457,"y":-0.6754300594329834,"z":0.4725707471370697,"w":0.46386516094207766},"size":22.169475555419923,"orthographic":false}