{"cameraMode":{"drawMode":0,"name":"Shaded","section":"Shading Mode"},"sceneLighting":false,"audioPlay":false,"sceneViewState":{"showFog":true,"showMaterialUpdate":false,"showSkybox":false,"showFlares":true,"showImageEffects":true,"showParticleSystems":true},"in2DMode":false,"pivot":{"x":7.960575580596924,"y":-46.48883056640625,"z":14.789892196655274},"rotation":{"x":-0.6086106300354004,"y":-0.004288085736334324,"z":0.0032862327061593534,"w":-0.7934663891792297},"size":57.67084884643555,"orthographic":false}