{"cameraMode":{"drawMode":0,"name":"Shaded","section":"Shading Mode"},"sceneLighting":true,"audioPlay":false,"sceneViewState":{"showFog":true,"showMaterialUpdate":true,"showSkybox":true,"showFlares":true,"showImageEffects":true,"showParticleSystems":true},"in2DMode":false,"pivot":{"x":-41.25157928466797,"y":-0.624411940574646,"z":47.58501434326172},"rotation":{"x":0.1840270608663559,"y":-0.2983780801296234,"z":0.05874600633978844,"w":0.9346956610679627},"size":3.4174489974975588,"orthographic":false}