{"cameraMode":{"drawMode":0,"name":"Shaded","section":"Shading Mode"},"sceneLighting":true,"audioPlay":false,"sceneViewState":{"showFog":true,"showMaterialUpdate":false,"showSkybox":true,"showFlares":true,"showImageEffects":true,"showParticleSystems":true},"in2DMode":false,"pivot":{"x":-4.511662006378174,"y":27.394412994384767,"z":-22.971864700317384},"rotation":{"x":0.29836899042129519,"y":-0.010021601803600788,"z":0.003133082529529929,"w":0.9543949365615845},"size":19.121450424194337,"orthographic":false}