{"cameraMode":{"drawMode":0,"name":"Shaded","section":"Shading Mode"},"sceneLighting":true,"audioPlay":false,"sceneViewState":{"showFog":true,"showMaterialUpdate":true,"showSkybox":true,"showFlares":true,"showImageEffects":true,"showParticleSystems":true},"in2DMode":false,"pivot":{"x":654.8890380859375,"y":52.492088317871097,"z":22.57098388671875},"rotation":{"x":-0.030888019129633905,"y":0.015891456976532937,"z":-0.0006498070433735848,"w":-0.9994975328445435},"size":211.50088500976563,"orthographic":false}