{"cameraMode":{"drawMode":0,"name":"Shaded","section":"Shading Mode"},"sceneLighting":true,"audioPlay":false,"sceneViewState":{"showFog":true,"showMaterialUpdate":true,"showSkybox":true,"showFlares":true,"showImageEffects":true,"showParticleSystems":true},"in2DMode":false,"pivot":{"x":-1.9929828643798829,"y":-1.726125717163086,"z":-16.92107391357422},"rotation":{"x":0.2197670340538025,"y":0.10543587058782578,"z":-0.023875001817941667,"w":0.9695610404014587},"size":46.638954162597659,"orthographic":false}