{"cameraMode":{"drawMode":0,"name":"Shaded","section":"Shading Mode"},"sceneLighting":true,"audioPlay":false,"sceneViewState":{"showFog":true,"showMaterialUpdate":true,"showSkybox":true,"showFlares":true,"showImageEffects":true,"showParticleSystems":true},"in2DMode":false,"pivot":{"x":-11.67214584350586,"y":0.5044968128204346,"z":-27.9339599609375},"rotation":{"x":0.1280289888381958,"y":-0.016363628208637239,"z":0.0021126868668943645,"w":0.9916355609893799},"size":1.4048948287963868,"orthographic":false}