{"cameraMode":{"drawMode":0,"name":"Shaded","section":"Shading Mode"},"sceneLighting":false,"audioPlay":false,"sceneViewState":{"showFog":true,"showMaterialUpdate":false,"showSkybox":false,"showFlares":true,"showImageEffects":true,"showParticleSystems":true},"in2DMode":false,"pivot":{"x":-26.32632064819336,"y":1.0994696617126465,"z":-33.33100891113281},"rotation":{"x":-0.13028550148010255,"y":-0.8047159314155579,"z":0.19220058619976045,"w":-0.5466015934944153},"size":4.851375579833984,"orthographic":false}