{"cameraMode":{"drawMode":0,"name":"Shaded","section":"Shading Mode"},"sceneLighting":true,"audioPlay":false,"sceneViewState":{"showFog":true,"showMaterialUpdate":true,"showSkybox":true,"showFlares":true,"showImageEffects":true,"showParticleSystems":true},"in2DMode":false,"pivot":{"x":775.0001220703125,"y":330.0,"z":-0.000030517578125},"rotation":{"x":0.23615631461143495,"y":0.08762643486261368,"z":-0.02136552706360817,"w":0.9675347805023193},"size":70.71067810058594,"orthographic":false}