{"cameraMode":{"drawMode":0,"name":"Shaded","section":"Shading Mode"},"sceneLighting":true,"audioPlay":false,"sceneViewState":{"showFog":true,"showMaterialUpdate":false,"showSkybox":true,"showFlares":true,"showImageEffects":true,"showParticleSystems":true},"in2DMode":false,"pivot":{"x":4.617701530456543,"y":-3.70205020904541,"z":8.883455276489258},"rotation":{"x":0.24287477135658265,"y":-0.023278968408703805,"z":0.0058300006203353409,"w":0.9697707295417786},"size":11.37411880493164,"orthographic":false}