{"cameraMode":{"drawMode":0,"name":"Shaded","section":"Shading Mode"},"sceneLighting":true,"audioPlay":false,"sceneViewState":{"showFog":true,"showMaterialUpdate":false,"showSkybox":true,"showFlares":true,"showImageEffects":true,"showParticleSystems":true},"in2DMode":false,"pivot":{"x":18.313024520874025,"y":0.30000001192092898,"z":-31.325397491455079},"rotation":{"x":0.2508086562156677,"y":-0.2478097528219223,"z":0.06658677756786347,"w":0.9334139823913574},"size":3.2872281074523927,"orthographic":false}