{"cameraMode":{"drawMode":0,"name":"Shaded","section":"Shading Mode"},"sceneLighting":true,"audioPlay":false,"sceneViewState":{"showFog":true,"showMaterialUpdate":false,"showSkybox":true,"showFlares":true,"showImageEffects":true,"showParticleSystems":true},"in2DMode":false,"pivot":{"x":30.063899993896486,"y":14.811513900756836,"z":27.579612731933595},"rotation":{"x":0.3629232347011566,"y":0.015736252069473268,"z":-0.005944506730884314,"w":0.9318273067474365},"size":6.906276702880859,"orthographic":true}