{"cameraMode":{"drawMode":0,"name":"Shaded","section":"Shading Mode"},"sceneLighting":true,"audioPlay":false,"sceneViewState":{"showFog":true,"showMaterialUpdate":false,"showSkybox":true,"showFlares":true,"showImageEffects":true,"showParticleSystems":true},"in2DMode":false,"pivot":{"x":-45.80267333984375,"y":0.29033952951431277,"z":-1.003333330154419},"rotation":{"x":-0.05402902886271477,"y":0.9395694136619568,"z":-0.1762770414352417,"w":-0.2891372740268707},"size":11.118727684020996,"orthographic":true}