{"cameraMode":{"drawMode":0,"name":"Shaded","section":"Shading Mode"},"sceneLighting":false,"audioPlay":false,"sceneViewState":{"showFog":true,"showMaterialUpdate":true,"showSkybox":false,"showFlares":true,"showImageEffects":true,"showParticleSystems":true},"in2DMode":false,"pivot":{"x":-28.704315185546876,"y":0.435191810131073,"z":38.81318664550781},"rotation":{"x":-0.17301778495311738,"y":-0.7582150101661682,"z":0.22274507582187653,"w":-0.5880181789398193},"size":1.2712713479995728,"orthographic":false}