{"cameraMode":{"drawMode":0,"name":"Shaded","section":"Shading Mode"},"sceneLighting":false,"audioPlay":false,"sceneViewState":{"showFog":true,"showMaterialUpdate":false,"showSkybox":false,"showFlares":true,"showImageEffects":true,"showParticleSystems":true},"in2DMode":false,"pivot":{"x":346.9297180175781,"y":151.9161376953125,"z":36.858856201171878},"rotation":{"x":-0.004496491514146328,"y":-0.040192585438489917,"z":0.000181111172423698,"w":-0.9991838932037354},"size":237.84408569335938,"orthographic":true}