{"cameraMode":{"drawMode":0,"name":"Shaded","section":"Shading Mode"},"sceneLighting":true,"audioPlay":false,"sceneViewState":{"showFog":true,"showMaterialUpdate":true,"showSkybox":true,"showFlares":true,"showImageEffects":true,"showParticleSystems":true},"in2DMode":false,"pivot":{"x":498.75445556640627,"y":169.61361694335938,"z":-41.12982177734375},"rotation":{"x":0.036857668310403827,"y":0.042275503277778628,"z":-0.0015418004477396608,"w":0.998441755771637},"size":269.25823974609377,"orthographic":false}