{"cameraMode":{"drawMode":0,"name":"Shaded","section":"Shading Mode"},"sceneLighting":true,"audioPlay":false,"sceneViewState":{"showFog":true,"showMaterialUpdate":true,"showSkybox":true,"showFlares":true,"showImageEffects":true,"showParticleSystems":true},"in2DMode":false,"pivot":{"x":255.8849639892578,"y":217.90420532226563,"z":-245.19708251953126},"rotation":{"x":-0.18724024295806886,"y":-0.028608322143554689,"z":0.005159812513738871,"w":-0.9820231199264526},"size":331.4291687011719,"orthographic":false}