{"cameraMode":{"drawMode":0,"name":"Shaded","section":"Shading Mode"},"sceneLighting":true,"audioPlay":false,"sceneViewState":{"showFog":true,"showMaterialUpdate":false,"showSkybox":true,"showFlares":true,"showImageEffects":true,"showParticleSystems":true},"in2DMode":false,"pivot":{"x":-14.873720169067383,"y":0.5092473030090332,"z":38.367774963378909},"rotation":{"x":0.3946726322174072,"y":0.13430875539779664,"z":-0.05843837186694145,"w":0.9070736169815064},"size":4.735587120056152,"orthographic":false}