{"cameraMode":{"drawMode":0,"name":"Shaded","section":"Shading Mode"},"sceneLighting":false,"audioPlay":false,"sceneViewState":{"showFog":true,"showMaterialUpdate":false,"showSkybox":false,"showFlares":true,"showImageEffects":true,"showParticleSystems":true},"in2DMode":false,"pivot":{"x":-0.030000686645507814,"y":0.5017242431640625,"z":0.10000038146972656},"rotation":{"x":-0.36645928025245669,"y":-0.5930694937705994,"z":0.34614691138267519,"w":-0.6278833150863648},"size":48.354461669921878,"orthographic":false}