{"cameraMode":{"drawMode":0,"name":"Shaded","section":"Shading Mode"},"sceneLighting":true,"audioPlay":false,"sceneViewState":{"showFog":true,"showMaterialUpdate":true,"showSkybox":true,"showFlares":true,"showImageEffects":true,"showParticleSystems":true},"in2DMode":false,"pivot":{"x":-47.990386962890628,"y":-95.64765930175781,"z":214.85093688964845},"rotation":{"x":-0.2884831726551056,"y":0.14940905570983888,"z":-0.04592743515968323,"w":-0.9447810649871826},"size":171.11912536621095,"orthographic":false}