{"cameraMode":{"drawMode":0,"name":"Shaded","section":"Shading Mode"},"sceneLighting":true,"audioPlay":false,"sceneViewState":{"showFog":true,"showMaterialUpdate":true,"showSkybox":true,"showFlares":true,"showImageEffects":true,"showParticleSystems":true},"in2DMode":false,"pivot":{"x":-0.8797677755355835,"y":0.7726832628250122,"z":3.2133240699768068},"rotation":{"x":-0.18147899210453034,"y":-0.3365483582019806,"z":0.06622496992349625,"w":-0.9216848015785217},"size":6.596980094909668,"orthographic":false}