{"cameraMode":{"drawMode":0,"name":"Shaded","section":"Shading Mode"},"sceneLighting":true,"audioPlay":false,"sceneViewState":{"showFog":true,"showMaterialUpdate":true,"showSkybox":true,"showFlares":true,"showImageEffects":true,"showParticleSystems":true},"in2DMode":false,"pivot":{"x":581.4439086914063,"y":209.8994140625,"z":25.25958251953125},"rotation":{"x":0.00687231682240963,"y":0.08688873052597046,"z":-0.0005982888396829367,"w":0.9962036609649658},"size":662.5921020507813,"orthographic":false}