{"cameraMode":{"drawMode":0,"name":"Shaded","section":"Shading Mode"},"sceneLighting":true,"audioPlay":false,"sceneViewState":{"showFog":true,"showMaterialUpdate":true,"showSkybox":true,"showFlares":true,"showImageEffects":true,"showParticleSystems":true},"in2DMode":false,"pivot":{"x":0.3142585754394531,"y":4.470757961273193,"z":4.179986953735352},"rotation":{"x":0.16786189377307893,"y":0.5982413291931152,"z":-0.12993206083774568,"w":0.7727062106132507},"size":8.211012840270996,"orthographic":false}