{"cameraMode":{"drawMode":0,"name":"Shaded","section":"Shading Mode"},"sceneLighting":true,"audioPlay":false,"sceneViewState":{"showFog":true,"showMaterialUpdate":true,"showSkybox":true,"showFlares":true,"showImageEffects":true,"showParticleSystems":true},"in2DMode":false,"pivot":{"x":-0.48672592639923098,"y":-1.6636543273925782,"z":-13.393524169921875},"rotation":{"x":-0.3824390172958374,"y":-0.0033687709365040066,"z":0.0012638315092772246,"w":-0.9240782260894775},"size":41.23532485961914,"orthographic":false}